feature,mdi_importance
adj_close,0.28620681597816017
tnx_yield,0.14293466474344962
rev_yoy,0.12433055723278776
tnx_change_3m,0.09762035065314181
rev_accel,0.07778135916466435
vix_change_3m,0.07499532861322163
vix_level,0.07080971567615785
rev_qoq,0.06466362446801198
revenue,0.060657583470404945
