feature,perm_importance_mean,perm_importance_std
rev_yoy,0.3481731815264561,0.023042687394645586
rev_accel,0.0526022199586915,0.004990237917749835
vix_change_3m,0.007886598674178515,0.015280949080443631
adj_close,0.005193042332668999,0.16747848324958403
vix_level,0.004014712375194788,0.028057287656227066
rev_qoq,-0.002920186601794459,0.016891056365844263
tnx_change_3m,-0.018983407682904723,0.04543601331679302
revenue,-0.03464947640983656,0.04430153733283776
tnx_yield,-0.05557327793668909,0.055275164082606874
