feature,mean_abs_shap
rev_yoy,0.19776739294586046
revenue,0.07537361800897804
tnx_change_3m,0.06361779553710499
tnx_yield,0.06075264285907271
rev_accel,0.05082314691475365
vix_change_3m,0.04420984554901231
adj_close,0.043084451665503655
vix_level,0.020459635336310796
rev_qoq,0.008807163746858346
